id;name;desc_string;org_info;revoke_time_span;revoke_start;revoke_over;punish_org;punish_time;facts;auto_process;revoke_proof;remarks
1;Credit Card Account Berkshire Sleek;Data neutral;Costa Rican Colon;89657;2020-05-11;2020-05-12;bandwidth Cambridgeshire Personal Loan Account;2020-05-12T06:41:45;homogeneous payment;true;Savings Account Tennessee;Won
2;extensible withdrawal Security;Configuration;cohesive;36493;2020-05-12;2020-05-11;International Benin Music;2020-05-11T10:23:07;programming extranet Investor;false;Sleek invoice system-worthy;Functionality XSS Planner
3;EXE;Strategist Internal;utilize firewall Madagascar;25096;2020-05-11;2020-05-11;Director mint green;2020-05-11T13:33:26;dot-com;true;rich indexing program;indexing
4;hybrid Gloves;Digitized;calculate;31012;2020-05-12;2020-05-11;Forward;2020-05-12T01:32:14;instruction set Music Cotton;true;Avon Ball;Marketing system Greenland
5;Sleek Future-proofed;Tasty Frozen Hat;Berkshire withdrawal;68670;2020-05-12;2020-05-11;parse;2020-05-11T10:59:45;Virginia capacitor Planner;false;District;Branding responsive methodologies
6;Louisiana Home;Bacon Industrial firmware;Investment Account incubate;12410;2020-05-11;2020-05-11;Investment Account;2020-05-11T20:18:25;incremental parsing;true;Music Home Loan Account Bedfordshire;Somali Shilling Bahrain
7;task-force productize Luxembourg;Nakfa;Michigan Soft Multi-tiered;40289;2020-05-11;2020-05-11;XML Investment Account;2020-05-11T11:37:04;integrate hybrid;true;Berkshire Orchestrator;Steel seamless
8;protocol;killer Regional;Industrial integrate;19333;2020-05-12;2020-05-12;Cheese 24/7;2020-05-11T18:46:07;Product;false;back up Serbian Dinar;Thailand Handmade Cotton Soap
9;Fish;Quality Bacon;invoice global;32046;2020-05-11;2020-05-12;Mission interface;2020-05-11T15:51:33;Expressway;false;navigating Bedfordshire synergies;transparent override
10;International Gorgeous;Consultant;plum pixel;42494;2020-05-12;2020-05-11;users Beauty Tasty;2020-05-11T13:46:27;Concrete;true;Haiti;IB
